rank,domain,url,title,score,appearances_count,avg_position,best_position,subdomains_matched,keywords_sample,is_agent
1,promat.com,https://www.promat.com/ro-ro/constructii/noutati/39753/etansare-goluri-sisteme-si-solutii-antifoc/,Etanșare goluri: Sisteme și soluții antifoc PROMASEAL® și PROMASTOP®,67.13,53,5.57,1,"Izolații și hidroizolații, Consultanță și conformitate legislativă, Protecție structuri metalice, Matări și etanșări antifoc, Sisteme compartimentare antifoc","matări antifoc București, etanșări treceri tehnice foc, etanșări treceri tehnice foc, coliere intumescente conducte, coliere intumescente conducte",YES
2,lege5.ro,https://lege5.ro/Gratuit/ha3toobtgi/pereti-antifoc-normativ-118-1999-partea-i-a-prevederi-comune-tuturor-constructiilor-capitolul-2-conditii-generale-de-performanta-a-constructiilor-24-limitarea-propagarii-focului-si-a-fumului-elemente-?dp=ha3dkmjzgezde,Pereţi antifoc | Normativ 118/1999 - Lege5.ro,56.15,31,5.19,1,"Izolații și hidroizolații, Uși și accesorii antifoc, Consultanță și conformitate legislativă, Matări și etanșări antifoc, Sisteme compartimentare antifoc","treceri instalații pereți rezistenți foc, treceri instalații pereți rezistenți foc, treceri instalații pereți rezistenți foc, treceri instalații pereți rezistenți foc, matări certificată ISU",YES
3,romfire.ro,https://www.romfire.ro/protectie-pasiva-la-foc/sigilarea-matarea-trecerilor-prin-pereti/,Sigilarea/matarea trecerilor prin pereti rezistenti la foc | Romfire,50.01,17,4.53,1,"Izolații și hidroizolații, Consultanță și conformitate legislativă, Protecție structuri metalice, Matări și etanșări antifoc, Sisteme compartimentare antifoc","matări antifoc București, etanșări treceri tehnice foc, treceri instalații pereți rezistenți foc, chituri etanșare foc, spume antifoc treceri",YES
4,protectiilafoc.ro,https://protectiilafoc.ro/,Protecție la Foc Tubulaturi și Geamuri Rezistente ISU,46.71,17,5.18,1,"Sisteme compartimentare antifoc, Protecție structuri metalice, Consultanță și conformitate legislativă, Matări și etanșări antifoc","matări antifoc București, etanșări treceri tehnice foc, goluri tehnice protecție foc, termoprotecție oțel București, vopsea termospumantă R30 R60",YES
5,terrageneralcontractor.ro,https://www.terrageneralcontractor.ro/etansare-goluri-de-trecere,Etansare goluri de trecere,45.07,5,1.8,1,"Izolații și hidroizolații, Consultanță și conformitate legislativă, Matări și etanșări antifoc","etanșări treceri tehnice foc, goluri tehnice protecție foc, protecție conducte foc, consultanta protecție foc București, protecție la foc București",YES
6,scenariu-securitate-incendiu.ro,http://scenariu-securitate-incendiu.ro/clasa-de-reactie-la-foc/,Clasa de reacţie la foc - Scenariu Securitate Incendiu,43.27,8,4.5,1,"Izolații și hidroizolații, Sisteme compartimentare antifoc, Protecție structuri metalice, Uși și accesorii antifoc","protecție stâlpi metalici foc, compartimentare incendiu clădiri, compartimentare incendiu clădiri, compartimentare siguranță incendiu, compartimentare siguranță incendiu",YES
7,hilti.ro,https://www.hilti.ro/c/CLS_FIRESTOP_PROTECTION_7131/CLS_FIRESTOP_SEALANTS_SPRAY_7131,"Materiale de etanșare, spray-uri și acoperiri - Hilti Romania",42.27,15,5.87,2,"Protecție structuri metalice, Consultanță și conformitate legislativă, Matări și etanșări antifoc","matări antifoc București, coliere intumescente conducte, mansoane antifoc PVC, mansoane antifoc PVC, chituri etanșare foc",YES
8,proidea.ro,https://www.proidea.ro/comunicate-de-presa-6/rigips-produse-incombustibile-rezistenta-foc-11007.shtml,Rigips® - Produse incombustibile si sisteme rezistente la foc pana la 4 ore,42.23,12,5.08,1,"Izolații și hidroizolații, Sisteme compartimentare antifoc, Consultanță și conformitate legislativă","pereți rigips rezistenți foc, pereți rigips rezistenți foc, sisteme compartimentare foc, sisteme compartimentare foc, perete cortină antifoc",YES
9,isuautorizari.ro,https://www.isuautorizari.ro/autorizatii-isu/,✅ AVIZ ISU – ISU AUTORIZARI,41.47,5,2.6,1,"Consultanță și conformitate legislativă, Matări și etanșări antifoc","matări certificată ISU, audit conformitate P118/1-2025, documentație ISU autorizație, documentație ISU autorizație, servicii certificare ISU",YES
10,migs.ro,https://migs.ro/ghid-pentru-obtinerea-autorizatiei-de-securitate-la-incendiu/,Ghid pentru obținerea Autorizației de Securitate la Incendiu - MIGS,41.27,8,4.5,1,"Uși și accesorii antifoc, Consultanță și conformitate legislativă, Matări și etanșări antifoc","matări certificată ISU, uși foc normă P118, audit conformitate P118/1-2025, verificare normă incendiu, documentație ISU autorizație",YES
11,coneco.ro,https://coneco.ro/etansari-matari-antifoc/,Ai nevoie de Etansari/matari antifoc de la Coneco?,41.16,7,4.29,1,"Izolații și hidroizolații, Protecție structuri metalice, Matări și etanșări antifoc","matări antifoc București, chituri etanșare foc, vopsea termospumantă R30 R60, vopsea antifoc metal certificată, izolație foc conducte ventilație",YES
12,hefest.ro,https://hefest.ro/TermoprotectieMetal,Termoprotectie Metal — HEFEST.RO,41.07,2,1.0,1,Protecție structuri metalice,"termoprotecție oțel București, vopsea termospumantă R30 R60",YES
13,ropaintsolutions.ro,https://www.ropaintsolutions.ro/protectii-pasive-la-foc.php,Protectie la foc a structurilor metalice folosind vopsele termospumante / intumescente | Protectie la foc a structurilor metalice folosind vopsele termospumante,40.57,12,3.92,1,Protecție structuri metalice,"vopsea intumescentă structuri metalice, protecție foc grinzi metalice, vopsea termospumantă R30 R60, aplicare vopsea intumescentă profesionistă, vopsea antifoc metal certificată",YES
14,walraven.com,https://www.walraven.com/ro/produse/mansoane-anti-foc-si-cutii/,Manșoane anti-foc și cutii - Walraven România,40.53,1,1.0,1,Matări și etanșări antifoc,mansoane antifoc PVC,YES
15,ceb.selemix.com,https://ceb.selemix.com/ro/suport-tehnic/expert-know-how/ghid-pentru-standardul-iso-12944-actualizat/,Ghid pentru standardul ISO 12944 actualizat | Română,40.53,1,1.0,1,Protecție structuri metalice,protecție structuri metalice industriale,YES
16,eurobac.ro,https://www.eurobac.ro/usi-rezistente-la-foc-ei-30_-ei-60-usi/157,"Usi rezistente la foc EI 30, EI 60 | Usi Porta | Produse | eurobac.ro",40.53,1,1.0,1,Uși și accesorii antifoc,uși rezistente foc EI60,NO
17,eurosandoor.ro,https://eurosandoor.ro/usi-rezistente-la-foc/,Uși rezistente la foc cu un canat sau două ~ Fabrică de uși de garaj EurosanDOOR,40.53,1,1.0,1,Uși și accesorii antifoc,uși foc un canat două canate,NO
18,clapeteantifoc.ro,https://www.clapeteantifoc.ro/,Clapete antifoc - Clapete Voleti Ventilatoare Antifoc si Desfumare,40.53,1,1.0,1,Izolații și hidroizolații,clapete antifoc ventilație,NO
19,xn--hidroizolaii-terase-fzg.ro,https://www.xn--hidroizolaii-terase-fzg.ro/hidroizolatii-terase-bloc/,Hidroizolatii terase de bloc - Hidroizolații Terase,40.53,1,1.0,1,Izolații și hidroizolații,hidroizolații terase bloc,NO
20,izorom.ro,http://www.izorom.ro/ro/izolatii-tehnice/izolatii-pluviale,Izolatii pluviale,40.53,1,1.0,1,Izolații și hidroizolații,izolație conducte pluviale,NO
21,seatbelt.ro,https://seatbelt.ro/,Firma de Protectia Muncii Bucuresti | Seatbelt Consulting,40.53,1,1.0,1,Consultanță și conformitate legislativă,consultanta protecție foc București,NO
22,tuvsud.com,https://www.tuvsud.com/ro-ro/servicii/consultanta-tehnica,Consultanta tehnica | TÜV SÜD,40.53,1,1.0,1,Consultanță și conformitate legislativă,consultanta tehnică protecție pasivă,NO
23,choice.ro,https://choice.ro/legislatie-protectie-la-foc/,Legislație protecție la foc - protecție pasivă la foc,40.53,1,1.0,1,Consultanță și conformitate legislativă,conformitate legi protecție foc,NO
24,rssdata.ro,https://www.rssdata.ro/index.php/articole/verificarea-periodica-a-sistemelor-de-securitate-obligatie-sau-optiune,Verificarea periodica a sistemelor de securitate obligatie sau optiune?,40.53,1,1.0,1,Consultanță și conformitate legislativă,verificare periodică sisteme antifoc,NO
25,studocu.com,https://www.studocu.com/ro/document/universitatea-de-arhitectura-si-urbanism-ion-mincu-din-bucuresti/proiect-tehnic/np-051-2012-adaptare-cladiri-pt-persoane-cu-handicap/22391200,NP 051-2012 Adaptare Cladiri pt Persoane cu Handicap - Normativ privind adaptarea cldirilor civile - Studocu,40.53,1,1.0,1,Consultanță și conformitate legislativă,consultanta adaptare normativ foc,NO
26,speedfire.ro,https://speedfire.ro/aviz-si-autorizatie-isu-intocmire-dosar-avizare-si-autorizare-isu/,Aviz și Autorizație ISU - Intocmire Dosar Avizare și Autorizare ISU,39.69,9,5.56,1,"Uși și accesorii antifoc, Consultanță și conformitate legislativă, Matări și etanșări antifoc","matări certificată ISU, uși foc normă P118, audit conformitate P118/1-2025, verificare periodică sisteme antifoc, sisteme compartimentare incendiu",NO
27,macostore.ro,https://www.macostore.ro/protectie-la-foc,Protectie la foc – Macostore,39.45,7,5.14,1,"Sisteme compartimentare antifoc, Protecție structuri metalice, Matări și etanșări antifoc","chituri etanșare foc, chituri etanșare foc, vopsea intumescentă structuri metalice, vopsea antifoc metal certificată, tavane antifoc rigips",NO
28,siniat.ro,https://www.siniat.ro/ro-ro/newsletter/82225/2016-10-solutii-rezistente-la-foc-agrementate/,Solutii agrementate cu rezistenta la foc - Siniat,39.24,13,5.85,1,"Sisteme compartimentare antifoc, Protecție structuri metalice","protecție stâlpi metalici foc, pereți rigips rezistenți foc, pereți rigips rezistenți foc, pereți rigips rezistenți foc, tavane antifoc rigips",NO
29,fireco.ro,https://fireco.ro/magazin/protectia-la-foc-a-golurilor-tehnologice/mcr-ps-colier-intumescent/,MCR PS - COLIER INTUMESCENT 50/30 mm - FIRECO TRADE SRL,39.07,2,3.0,2,"Protecție structuri metalice, Matări și etanșări antifoc","coliere intumescente conducte, vopsea termospumantă R30 R60",NO
30,kadra.ro,https://kadra.ro/cortine-rezistente-la-foc-e-ew-ei/,"Cortine rezistente la foc E, EW, EI - KADRA",38.87,6,4.17,1,"Sisteme compartimentare antifoc, Uși și accesorii antifoc","perete cortină antifoc, uși cortină protecție incendiu, uși etanșe fum foc, uși antifoc RAL personalizat, mentenanță uși antifoc",NO
31,vafrom.ro,https://vafrom.ro/,"Vafrom | Protecție la foc a structurilor din metal, lemn și beton",38.59,7,5.57,1,"Protecție structuri metalice, Consultanță și conformitate legislativă, Matări și etanșări antifoc","matări antifoc București, vopsea intumescentă structuri metalice, protecție foc grinzi metalice, aplicare vopsea intumescentă profesionistă, vopsea antifoc metal certificată",NO
32,brasovconstruct.ro,https://www.brasovconstruct.ro/termoprot-instalatii-pentru-prevenirea-si-stingerea-incendiilor.html,"TERMOPROT - Instalații prevenire și stingere incendii, hidranți/ sprinklere, stingere hote/ bucătării, termoprotecție | Brasov Construct",38.53,1,2.0,2,Protecție structuri metalice,termoprotecție oțel București,NO
33,rotinvest.ro,https://rotinvest.ro/metode-de-protectie-anticoroziva-pentru-structurile-metalice-din-complexuri-rezidentiale/,Metode de protecție anticorozivă pentru structurile metalice din complexuri rezidențiale | ROTINVEST OPERATIV SRL,38.53,1,2.0,2,Protecție structuri metalice,protecție structuri metalice industriale,NO
34,at-machining.com,https://at-machining.com/ro/heat-treatment-of-metals/,Tratarea termică a metalelor: tot ce trebuie să știți | AT-Machining,38.53,1,2.0,2,Protecție structuri metalice,tratament termic structuri metalice,NO
35,peretiantifoc.ro,https://peretiantifoc.ro/,Pereti antifoc placari gips carton Brasov,38.53,1,2.0,2,Sisteme compartimentare antifoc,tavane antifoc rigips,NO
36,regata.ro,https://regata.ro/blog/gips-carton.html,Placile de gips carton,38.53,1,2.0,2,Sisteme compartimentare antifoc,plăci gips-carton antifoc,NO
37,alukoenigstahl.ro,https://www.alukoenigstahl.ro/ro/sisteme/produse/schueco-fw-50-bf,Schüco FW 50+ BF EI30/EW30 - Sistem antifoc | AKS,38.53,1,2.0,2,Sisteme compartimentare antifoc,perete cortină antifoc,NO
38,emenatwork.ro,https://www.emenatwork.ro/blog/articol-Rolul-si-beneficiile-tavanului-casetat-a175,Rolul si beneficiile tavanului casetat - Emenatwork,38.53,1,2.0,2,Sisteme compartimentare antifoc,tavan fals rezistent foc,NO
39,emsfloorgroup.ro,https://emsfloorgroup.ro/hidroizolatii-terase-circulabile/,O hidroizolație atipică: hidroizolații terase circulabile – EMS Floor Group,38.53,1,2.0,2,Izolații și hidroizolații,hidroizolații terase circulabile,NO
40,onninen.pl,https://onninen.pl/ro/articol/izolarea-ignifuga-a-conductelor-de-ventilatie-cheia-securitatii-cladirii,Izolarea la foc a canalelor de ventilație - cheia siguranței clădirii - Angrosist Onninen,38.53,1,2.0,2,Izolații și hidroizolații,izolație foc conducte ventilație,NO
41,eklimag.ro,https://eklimag.ro/clapete/,Ventilare :: Clapete antifoc,38.53,1,2.0,2,Izolații și hidroizolații,clapete antifoc ventilație,NO
42,consultanta-tehnica.afacerist.ro,https://consultanta-tehnica.afacerist.ro/,"Consultanta tehnica - Consultanta constructii, Diriginte de santier",38.53,1,2.0,2,Consultanță și conformitate legislativă,consultanta tehnică protecție pasivă,NO
43,verificator-incendiu.ro,https://verificator-incendiu.ro/,Verificator incendiu - asigură verificarea proiectelor la incendiu,38.53,1,2.0,2,Consultanță și conformitate legislativă,audit siguranță incendiu clădiri,NO
44,thehartford.com,https://www.thehartford.com/insights/construction/owners-contractors-protective-liability,Owners and Contractors Protective Liability | The Hartford,38.53,1,1.0,1,,contractor protecție foc,NO
45,usi-tehnice.ro,https://usi-tehnice.ro/produs/cortine-rezistente-la-foc-ew/,Cortine Rezistente la Foc EW Automate | Rulouri Rezistente la Foc | Perdele Antifoc,38.52,8,4.88,1,"Sisteme compartimentare antifoc, Uși și accesorii antifoc","perete cortină antifoc, uși cortină protecție incendiu, uși etanșe fum foc, uși etanșe fum foc, uși industriale rezistente foc",NO
46,usi365.ro,https://www.usi365.ro/usi-antifoc/usa-antifoc-ei60-120-dierre-cu-marcaj-ce-reversibila.html,Usa antifoc EI60/120 cu marcaj CE - Montaj la exterior,38.27,8,5.0,1,"Uși și accesorii antifoc, Matări și etanșări antifoc","etanșări EI60 EI120, etanșări EI60 EI120, etanșări EI60 EI120, etanșări EI60 EI120, uși antifoc montaj București",NO
47,knauf.com,https://knauf.com/ro-RO/knauf-gips/produse-si-sisteme/sisteme-knauf/sisteme-speciale/sisteme-de-protectie-la-foc-cu-knauf-fireboard/placari-de-grinzi-si-stalpi-knauf-fireboard,Placări de grinzi şi stâlpi cu plăci Knauf Fireboard,38.27,5,3.2,2,Protecție structuri metalice,"protecție foc grinzi metalice, protecție stâlpi metalici foc, protecție pasivă incendiu, protecție clădiri incendiu, soluții siguranță incendiu",NO
48,shop.mirad-tehnic.ro,https://www.shop.mirad-tehnic.ro/produs/colier-ignifugare-treceri-de-teava-ab-ci-25-m-x-50-mm/,"Colier ignifugare treceri de teava AB-CI 2,5 m x 50 mm – Mirad Tehnic",38.07,2,2.5,2,Matări și etanșări antifoc,"coliere intumescente conducte, mansoane antifoc PVC",NO
49,spatiulconstruit.ro,https://www.spatiulconstruit.ro/documentatie-tehnica/protectia-la-foc-a-structurilor-metalice-de-rezistenta-stalpi-si-grinzi-carcase-glasroc-f-ridurit-6.10.00/74816,Protectia la foc a structurilor metalice de rezistenta (stalpi si grinzi) - carcase- Glasroc® F Ridurit - 6.10.00 Saint-Gobain Rigips Glasroc F Ridurit Fisa...,37.87,5,5.4,3,"Izolații și hidroizolații, Sisteme compartimentare antifoc, Protecție structuri metalice","protecție foc grinzi metalice, protecție stâlpi metalici foc, tavane antifoc rigips, izolație foc conducte climatizare, protecție clădiri incendiu",NO
50,revistaconstructiilor.eu,http://www.revistaconstructiilor.eu/index.php/2008/05/30/iridex-chituri-de-etansare/,IRIDEX: Chituri de etansare | Revista Constructiilor,37.6,3,4.0,2,"Sisteme compartimentare antifoc, Matări și etanșări antifoc","chituri etanșare foc, sisteme rigips protecție foc, protecție structurale foc",NO
51,codeus.ro,https://www.codeus.ro/46-cortine-antifoc-codeus.html,Cortine antifoc / cortine automate rezistente la foc - codeus.ro,37.53,6,5.83,2,"Sisteme compartimentare antifoc, Uși și accesorii antifoc, Consultanță și conformitate legislativă","perete cortină antifoc, montaj uși antifoc certificat, uși etanșe fum foc, uși industriale rezistente foc, uși foc normă P118",NO
52,waldeck.ro,https://waldeck.ro/usi-rezistente-la-foc/,"Uși Rezistente la Foc 60, 90 și 120 minute cu Montaj",37.53,6,3.83,1,Uși și accesorii antifoc,"uși antifoc montaj București, uși antifoc montaj București, montaj uși antifoc certificat, montaj uși antifoc certificat, uși etanșe fum foc",NO
53,rigips.ro,https://www.rigips.ro/upload/rigips/sisteme/61000_Protecia-la-foc-a-structurilor-metalice-de-rezisten-stlpi-i-grinzi_carcase_Glasroc-F-Ridurit.pdf,Rigips,37.45,7,5.14,1,"Sisteme compartimentare antifoc, Protecție structuri metalice","protecție stâlpi metalici foc, pereți rigips rezistenți foc, tavan fals rezistent foc, sisteme rigips protecție foc, sisteme rigips protecție foc",NO
54,smilo.ro,https://smilo.ro/pentru-afacerea-ta/usi-rezistente-la-foc/,Usi Rezistente la Foc - Usi Antifoc - Solutii Complete,37.27,8,6.5,2,"Sisteme compartimentare antifoc, Protecție structuri metalice, Uși și accesorii antifoc","protecție foc grinzi metalice, perete cortină antifoc, uși cortină protecție incendiu, uși etanșe fum foc, uși industriale rezistente foc",NO
55,deflammo.ro,https://www.deflammo.ro/en/solutii/usi-antifoc/,Usi antifoc - DEFLAMMO | Fire Protection Engineering,37.13,4,4.5,1,"Uși și accesorii antifoc, Consultanță și conformitate legislativă","uși antifoc montaj București, uși antifoc RAL personalizat, documentație ISU autorizație, protecție pasivă incendiu",NO
56,hidroizolatiiromania.ro,https://hidroizolatiiromania.ro/hidroizolatii-terase-acoperisuri/hidroizolatii-terase-circulabile/,Hidroizolații terase circulabile - Hidroizolații EPDM România,37.07,2,3.0,1,Izolații și hidroizolații,"hidroizolații terase circulabile, hidroizolații hale industriale",NO
57,securitateinromania.ro,https://securitateinromania.ro/normativ-p118-1-2025-securitatea-la-incendiu/,Normativ P118/1-2025 Securitatea la Incendiu - Securitate in Romania,37.07,2,3.0,2,Consultanță și conformitate legislativă,"audit conformitate P118/1-2025, verificare periodică sisteme antifoc",NO
58,dradem.ro,https://www.dradem.ro/treceri-prin-elemente-cu-rezistenta-la-foc/,Treceri prin elemente cu rezistenta la foc,36.53,1,3.0,3,Matări și etanșări antifoc,treceri instalații pereți rezistenți foc,NO
59,cees-tech.ro,https://cees-tech.ro/despre/,"Despre – CEES TECH | Vopsire în câmp electrostatic Bucureşti, Protecţii anticorozive",36.53,1,3.0,3,Protecție structuri metalice,protecție structuri metalice industriale,NO
60,knauf-firewin.com,https://www.knauf-firewin.com/upload/content/fisa-tehnica-b151_ro_2020-vopsea-intumescenta.pdf,Knauf-firewin,36.53,1,3.0,3,Protecție structuri metalice,calculator vopsea intumescentă,NO
61,dokumen.tips,https://dokumen.tips/documents/4pereti-si-tavane-rigips.html,(DOC) 4.Pereti Si Tavane Rigips - DOKUMEN.TIPS,36.53,1,3.0,3,Sisteme compartimentare antifoc,tavane antifoc rigips,NO
62,patidoors.ro,https://patidoors.ro/cortine-rezistente-la-foc.html,"Cortine RF (rezistente la foc), cortine antifoc • PATICLIC",36.53,1,3.0,3,Sisteme compartimentare antifoc,sisteme compartimentare foc,NO
63,proiectcasa.ro,https://www.proiectcasa.ro/produse/usi-antifoc-si-etanse-la-fum,Usi antifoc si etanse la fum - Usi rezistente la foc | ProiectCASA,36.53,1,3.0,3,Uși și accesorii antifoc,uși etanșe fum foc,NO
64,venti-store.ro,https://www.venti-store.ro/category/310/clapete-antifoc.html,CLAPETE ANTIFOC - www.venti-store.ro,36.53,1,3.0,3,Izolații și hidroizolații,clapete antifoc ventilație,NO
65,lgf-floor.ro,https://lgf-floor.ro/blog/hidroizolatii-membrana-pvc-tpo-epdm/hidroizolatie-acoperis-bloc-terase-acoperis-studiu-de-caz/,"Hidroizolație acoperiș bloc cu membrană PVC, TPO sau membrană lichidă",36.53,1,3.0,3,Izolații și hidroizolații,hidroizolații terase bloc,NO
66,modelacte.ro,https://modelacte.ro/deviz-de-lucrari-instalatii-sanitare/,Deviz de lucrări instalații sanitare | Model Acte,36.53,1,3.0,3,Izolații și hidroizolații,izolație conducte pluviale,NO
67,hellermanntyton.com,https://www.hellermanntyton.com/ro/competente/tub-termocontractabil,"Tub termocontractabil: colorate, cu adeziv, diferite dimensiuni",36.53,1,3.0,3,Izolații și hidroizolații,protecție termică tubulaturi,NO
68,andava.ro,https://andava.ro/,Hidroizolatii si mentenanta hale industriale,36.53,1,3.0,3,Izolații și hidroizolații,hidroizolații hale industriale,NO
69,protectiamunciibucuresti.ro,https://protectiamunciibucuresti.ro/,"Protectia muncii muncii, sanatatea si securitatea muncii",36.53,1,3.0,3,Consultanță și conformitate legislativă,consultanta protecție foc București,NO
70,vasfebco.ro,https://www.vasfebco.ro/,Firma de protectia muncii | Vasfebco,36.53,1,3.0,3,Consultanță și conformitate legislativă,consultanta tehnică protecție pasivă,NO
71,e-chimicale.ro,https://www.e-chimicale.ro/solutie-ignifugare-igniprof-4c-10kg.html,Ignifugant Solutie de Ignifugare Igniprof 4C 10Kg - e-chimicale,36.53,1,2.0,2,,ignifugare construcții,NO
72,travelers.com,https://www.travelers.com/business-insurance/general-liability/owners-contractors-protective,Owners/Contractors Protective (OCP) Insurance | Travelers Insurance,36.53,1,2.0,2,,contractor protecție foc,NO
73,vimed.ro,https://vimed.ro/autorizatii/autorizatii-incendiu/,Autorizații Incendiu – Vimed,36.53,1,2.0,2,,firma autorizată protecție incendiu,NO
74,candoexim.ro,https://www.candoexim.ro/executie/instalatii-de-limitare-si-stingere-a-incendiilor/,Instalatii de limitare si stingere a incendiilor – Cando Exim Focsani,36.53,1,2.0,2,,sisteme limitare propagare incendiu,NO
75,bucuresticonstruct.ro,https://www.bucuresticonstruct.ro/arcom-glass-40.html,Arcom Glass - Ferestre Antifoc | Bucuresti Construct,36.27,3,4.67,2,"Protecție structuri metalice, Matări și etanșări antifoc","matări antifoc București, termoprotecție oțel București, termoprotecție oțel București",NO
76,birou-de-proiectare.ro,https://birou-de-proiectare.ro/autorizatie-isu/,"Autorizatie ISU: Scenariu de Securitate Incendiu, Obtinere Aviz",36.27,3,4.67,2,"Consultanță și conformitate legislativă, Matări și etanșări antifoc","matări certificată ISU, documentație ISU autorizație, servicii certificare ISU",NO
77,usiantifoc.ro,https://usiantifoc.ro/usa-antifoc/cortina-antifoc-mfbi-ei-180/,Cortină antifoc MFBI EI-180 | Uși antifoc,36.27,5,4.2,1,Uși și accesorii antifoc,"uși cortină protecție incendiu, uși cortină protecție incendiu, uși cortină protecție incendiu, montaj uși antifoc certificat, mentenanță uși antifoc",NO
78,servsting.com,https://servsting.com/wp-content/uploads/2023/03/P118-99-1.pdf,MINISTERUL LUCRĂRILOR PUBLICEŞl AMENAJĂRII TERITORIULUI ORDIN nr. 27 /N/,36.2,6,6.5,4,"Uși și accesorii antifoc, Consultanță și conformitate legislativă, Matări și etanșări antifoc","goluri tehnice protecție foc, uși foc normă P118, uși foc normă P118, conformitate legi protecție foc, consultanta adaptare normativ foc",NO
79,gamserv.ro,https://gamserv.ro/serviciii-de-avizare-autorizare-isu/,Serviciii de Avizare / Autorizare ISU - Gamserv Cons,36.07,2,3.5,3,Matări și etanșări antifoc,"matări certificată ISU, servicii certificare ISU",NO
80,hbs.com.ro,https://hbs.com.ro/hidroizolatii-terase-circulabile/,Hidroizolatie terasa circulabila - HBS.com.ro,36.07,2,3.5,1,Izolații și hidroizolații,"hidroizolații terase circulabile, hidroizolații terase bloc",NO
81,climatherm.ro,https://climatherm.ro/ventclima.php,climatherm.ro - Instalatii Iasi,36.07,2,3.5,3,Izolații și hidroizolații,"izolație foc conducte ventilație, izolație foc conducte climatizare",NO
82,cnsipc.igsu.ro,https://cnsipc.igsu.ro/Autorizare/InstalareaSistemelorSemnalizare,"Instalarea şi întreţinerea sistemelor şi instalaţiilor de semnalizare, alarmare şi alertare în caz de incendiu",35.87,5,4.4,2,Consultanță și conformitate legislativă,"verificare normă incendiu, verificare periodică sisteme antifoc, firma autorizată protecție incendiu, sisteme compartimentare incendiu, sisteme limitare propagare incendiu",NO
83,isubif.ro,https://isubif.ro/local/lista-documentelor-necesare-avizarii-autorizarii/,Isubif,35.87,6,4.67,1,Consultanță și conformitate legislativă,"documentație ISU autorizație, audit siguranță incendiu clădiri, servicii certificare ISU, firma autorizată protecție incendiu, firma autorizată protecție incendiu",NO
84,automatizariaz.ro,https://automatizariaz.ro/wp-content/uploads/2023/07/NORMATIV-PRIVIND-SECURITATEA-LA-INCENDIU-A-CONSTRUCTIILOR.pdf,1 NORMATIV PRIVIND SECURITATEA LA INCENDIU A CONSTRUCŢIILOR,35.73,7,6.0,3,"Sisteme compartimentare antifoc, Consultanță și conformitate legislativă","compartimentare incendiu clădiri, compartimentare siguranță incendiu, verificare normă incendiu, audit siguranță incendiu clădiri, verificare periodică sisteme antifoc",NO
85,alfadoors.ro,https://www.alfadoors.ro/produs/usi-cortina-cu-rezistenta-la-foc/,Uși cortină cu rezistență la foc - Alfa Doors,35.6,3,4.0,1,Uși și accesorii antifoc,"uși cortină protecție incendiu, uși industriale rezistente foc, soluții antifoc industriale",NO
86,instalatii-incendiu.ro,https://www.instalatii-incendiu.ro/produse/desfumare/manson-rezistent-la-foc.html,Instalatii Incendiu | Manson rezistent la foc,35.07,2,4.0,2,Matări și etanșări antifoc,"mansoane antifoc PVC, mansoane antifoc PVC",NO
87,firesafetyexperts.ro,https://firesafetyexperts.ro/cine-are-si-cine-nu-are-nevoie-de-autorizatie-isu/,CINE ARE SI CINE NU ARE NEVOIE DE AUTORIZATIE ISU? ⋆ FireSafetyExperts,35.07,2,5.0,2,"Protecție structuri metalice, Matări și etanșări antifoc","matări certificată ISU, aplicare vopsea intumescentă profesionistă",NO
88,distreo.ro,https://distreo.ro/products/vopsea-intumescenta-zenova-fp,Vopsea Intumescentă - Zenova FP,35.07,2,4.0,4,Protecție structuri metalice,"aplicare vopsea intumescentă profesionistă, calculator vopsea intumescentă",NO
89,mastercasa.ro,https://mastercasa.ro/placa-gips-carton-rezistenta-la-foc-si-umiditate-Rigips-RFI-12.5x1200x2600mm,Placă gips-carton Rigips® RFI 12.5x1200x2600 mm – rezistentă la foc și umiditate,35.07,2,4.0,1,Sisteme compartimentare antifoc,"plăci gips-carton antifoc, sisteme rigips protecție foc",NO
90,usi-antifoc.com,http://www.usi-antifoc.com/Usi-ninz/montaj-usi,Montaj usi | Usi ninz - usi antifoc,35.07,2,4.0,2,Uși și accesorii antifoc,"montaj uși antifoc certificat, montaj uși antifoc certificat",NO
91,leroymerlin.ro,https://www.leroymerlin.ro/produse/placi-gips-carton/478/placa-gips-carton-rigips-rf-antifoc-12.5-x-1200-x-2600-mm/1019,"Placa gips carton Rigips RF, antifoc, 12.5 x 1200 x 2600 mm",34.93,3,5.33,3,"Izolații și hidroizolații, Sisteme compartimentare antifoc","plăci gips-carton antifoc, tavan fals rezistent foc, protecție termică tubulaturi",NO
92,mesterilocali.ro,https://mesterilocali.ro/blog/cum-alegi-un-tavan-fals-perfect-pentru-casa-ta,Cum alegi un tavan fals perfect pentru casa ta,34.93,3,5.33,3,"Izolații și hidroizolații, Sisteme compartimentare antifoc","tavan fals rezistent foc, hidroizolații terase circulabile, hidroizolații terase bloc",NO
93,ventilat.ro,http://www.ventilat.ro/catalog/izolatii-tubulaturi-ventilatie-40,Izolatii tubulaturi ventilatie - Ventilat.ro Aerisire si ventilatie cu recuperare de caldura,34.93,3,4.33,2,Izolații și hidroizolații,"izolare tubulaturi ventilație foc, protecție termică tubulaturi, protecție termică tubulaturi",NO
94,autorizari-isu.ro,https://autorizari-isu.ro/documentatie-isu/,Obtinerea Autorizatiei ISU - Obtinere Aviz ISU | Antirisk Group,34.67,5,6.0,2,"Consultanță și conformitate legislativă, Matări și etanșări antifoc","matări certificată ISU, documentație ISU autorizație, servicii certificare ISU, servicii certificare ISU, soluții siguranță incendiu",NO
95,daver.ro,https://daver.ro/produs/manson-rezistent-la-foc-cu-conectare-la-tubulaturi-o160/,Manşon rezistent la foc cu conectare la tubulaturi Ø160 – Daver Ambient,34.53,1,4.0,4,Matări și etanșări antifoc,mansoane antifoc PVC,NO
96,fireglass.ro,https://fireglass.ro/Rezistenta-la-foc-60-minute.php,Tamplarie rezistenta la foc EI60 EI90,34.53,1,4.0,4,Matări și etanșări antifoc,etanșări EI60 EI120,NO
97,miconstruct.ro,https://miconstruct.ro/en/structuri-si-confectii-metalice/,Structuri și confecții metalice ▷ Miconstruct,34.53,1,4.0,4,Protecție structuri metalice,protecție structuri metalice industriale,NO
98,prolist.ro,https://prolist.ro/cum-montezi-tavan-fals-din-rigips/,Cum montezi tavan fals din rigips? - Prolist,34.53,1,4.0,4,Sisteme compartimentare antifoc,tavane antifoc rigips,NO
99,owa.ro,http://owa.ro/owa_fire.php,Tavane casetate - Solutii de protectie antiincendiu,34.53,1,4.0,4,Sisteme compartimentare antifoc,tavan fals rezistent foc,NO
100,urbanambition.ro,https://www.urbanambition.ro/gradul-de-rezistenta-la-foc/,Gradul de Rezistenta la Foc - Urban Ambition,34.53,1,4.0,4,Sisteme compartimentare antifoc,execuție pereți rezistenți foc,NO
101,usi-porta.ro,https://usi-porta.ro/usi-rezistente-la-foc-ei-30-ei-60/,"Uși rezistente la foc EI 30, EI 60 -",34.53,1,4.0,4,Uși și accesorii antifoc,uși rezistente foc EI60,NO
102,usi-metalice.eu,http://www.usi-metalice.eu/usi-rezistente-la-foc-ei2-90-1-canat/,Usi Rezistente la Foc EI 2 90 in 2 canate | Usi Metalice,34.53,1,4.0,4,Uși și accesorii antifoc,uși foc un canat două canate,NO
103,gunther-tore.ro,https://gunther-tore.ro/usi-culisante-rezistente-la-foc/,Usi culisante rezistente la foc,34.53,1,4.0,4,Uși și accesorii antifoc,uși industriale rezistente foc,NO
104,raveli.ro,https://www.raveli.ro/usi-antifoc,Usi antifoc Raveli.ro,34.53,1,4.0,4,Uși și accesorii antifoc,uși antifoc RAL personalizat,NO
105,maluk.ro,https://www.maluk.ro/service/usi-antifoc/,USI ANTIFOC - Maluk,34.53,1,4.0,4,Uși și accesorii antifoc,mentenanță uși antifoc,NO
106,membranaepdm.ro,https://membranaepdm.ro/2016/09/14/hidroizolatii-terase-bloc/,Hidroizolatii terase circulabile bloc – Membrana EPDM,34.53,1,4.0,4,Izolații și hidroizolații,hidroizolații terase bloc,NO
107,nzebshop.ro,https://nzebshop.ro/fonodan-bj-banda-autoadeziva-izolatie-fonica-tevi-tubulaturi-conducte/,FONODAN BJ - bandă autoadezivă pentru izolație fonică țevi și tubulaturi,34.53,1,4.0,4,Izolații și hidroizolații,izolație conducte pluviale,NO
108,procas.ro,https://procas.ro/hale-industriale/,Hale industriale | Procas,34.53,1,4.0,4,Izolații și hidroizolații,hidroizolații hale industriale,NO
109,protectsim.ro,https://protectsim.ro/,Servicii Protectia Muncii SSM si PSI Bucuresti | Protectsim,34.53,1,4.0,4,Consultanță și conformitate legislativă,consultanta protecție foc București,NO
110,consultanttehnic.ro,https://consultanttehnic.ro/,Acasa - Consultant Tehnic,34.53,1,4.0,4,Consultanță și conformitate legislativă,consultanta tehnică protecție pasivă,NO
111,securitate-incendiu.ro,https://www.securitate-incendiu.ro/content/avizare-autorizare-securitate-la-incendiu,Avizare - Autorizare securitate la incendiu | Securitate la Incendiu,34.53,1,4.0,4,Consultanță și conformitate legislativă,audit siguranță incendiu clădiri,NO
112,depo-materiale-constructii.ro,https://depo-materiale-constructii.ro/cherestea/2988-solutie-ignifugare-lemn-30-kg.html,"Solutie Ignifugare Lemn, Antimucegai - Anticarii 30kg - pret mic",34.53,1,3.0,3,,ignifugare construcții,NO
113,kapal.ro,https://kapal.ro/materiale-de-constructie-rezistente-la-foc/,Materiale de Constructie Rezistente la Foc - Kapal Proiect,34.53,1,3.0,3,,materiale rezistente foc,NO
114,insureon.com,https://www.insureon.com/small-business-insurance/general-liability/ocp-insurance,Owners and Contractors Protective (OCP) Liability Coverage | Insureon,34.53,1,3.0,3,,contractor protecție foc,NO
115,securitatepsi.ro,https://www.securitatepsi.ro/securitate-psi/protectia-impotriva-incendiilor-326/,Protectie impotriva incendiilor | Securitatea la incendiu,34.53,1,3.0,3,,protecție clădiri incendiu,NO
116,alpaccess.com,https://www.alpaccess.com/passive-fire-protection-intumescent-coatings.html,Passive Fire Protection with Intumescent Coatings | AlpAccess,34.27,5,6.2,2,"Izolații și hidroizolații, Matări și etanșări antifoc","coliere intumescente conducte, protecție conducte foc, protecție la foc București, protecție structurale foc, protecție bunuri materiale foc",NO
117,usirezistentelafoc.ro,https://www.usirezistentelafoc.ro/catalog/usi-rezistente-la-foc-ei-60-3,Usi Rezistente la Foc EI 60 - Usi Rezistente la Foc,34.27,3,4.67,2,Uși și accesorii antifoc,"uși rezistente foc EI60, uși rezistente foc EI60, mentenanță uși antifoc",NO
118,unimat.ro,https://www.unimat.ro/cumpara/usa-antifoc-dubla-ei60-120-2-canturi-agrement-montaj-beton-ral-7016-4802,Usa antifoc dubla EI60/120 - 2 canturi - agrement montaj beton RAL 7016 inaltime 2050 - Unimat.ro,34.13,4,5.0,2,Matări și etanșări antifoc,"etanșări EI60 EI120, etanșări EI60 EI120, etanșări EI60 EI120, etanșări EI60 EI120",NO
119,groupe-thermi-lyon.com,https://www.groupe-thermi-lyon.com/en/blog/procedes-traitements-thermiques/,Ce procese de tratament termic pentru ce aplicații?,34.07,2,4.5,4,Protecție structuri metalice,"tratament termic structuri metalice, tratament termic structuri metalice",NO
120,inatech-shop.ro,https://inatech-shop.ro/izolatie-pentru-tevi-si-conducte/tevi-conducte-incalzire.html,Izolatie Tevi Si Conducte | INATECH Packaging | Politub,34.07,2,4.5,2,Izolații și hidroizolații,"izolație conducte pluviale, izolație foc conducte climatizare",NO
121,deposib.ro,https://www.deposib.ro/cum-se-ignifugeaza-blog,Ce inseamna ignifugarea lemnului si cum te protejeaza ?,34.07,2,3.5,1,,"ignifugare construcții, ignifugare construcții",NO
122,e-zeppelin.ro,https://e-zeppelin.ro/sisteme-flexibile-incombustibile-si-rezistente-la-foc-pana-la-4-ore/,"Sisteme flexibile, incombustibile și rezistente la foc până la 4 ore / e-zeppelin.ro - e-zeppelin.ro",33.6,3,5.0,4,Sisteme compartimentare antifoc,"pereți rigips rezistenți foc, sisteme compartimentare foc, execuție pereți rezistenți foc",NO
123,usi-antifoc.ro,https://www.usi-antifoc.ro/,Uși Antifoc și Uși Rezistente la Foc Certificate EI | usi-antifoc.ro,33.6,3,5.0,3,Uși și accesorii antifoc,"uși antifoc montaj București, montaj uși antifoc certificat, soluții antifoc industriale",NO
124,afacerist.ro,https://www.afacerist.ro/lista-firme/usi_antifoc/,USI ANTIFOC de la 59 firme,33.6,3,5.0,4,Uși și accesorii antifoc,"uși antifoc montaj București, firma autorizată protecție incendiu, firma autorizată protecție incendiu",NO
125,oar-bucuresti.ro,https://www.oar-bucuresti.ro/anunturi/2022/11/28/a/Normativ_securitatea_la_incendiu.pdf,NORMATIV PRIVIND SECURITATEA LA INCENDIU A ...,33.47,5,5.6,2,Sisteme compartimentare antifoc,"compartimentare incendiu clădiri, compartimentare incendiu clădiri, compartimentare siguranță incendiu, compartimentare siguranță incendiu, sisteme compartimentare incendiu",NO
126,eravago.ro,https://www.eravago.ro/izolatii-tehnice/produse-promat-pentru-protectie-la-foc,Produse Promat pentru protectie la foc - eRavago.ro,33.2,6,7.0,4,"Protecție structuri metalice, Matări și etanșări antifoc","matări antifoc București, coliere intumescente conducte, vopsea intumescentă structuri metalice, vopsea termospumantă R30 R60, aplicare vopsea intumescentă profesionistă",NO
127,legislatie.just.ro,https://legislatie.just.ro/Public/DetaliiDocumentAfis/295705,REGLEMENTARI 28/02/2025 - Portal Legislativ,33.16,7,6.29,1,Consultanță și conformitate legislativă,"audit conformitate P118/1-2025, audit conformitate P118/1-2025, verificare normă incendiu, verificare periodică sisteme antifoc, firma autorizată protecție incendiu",NO
128,matari-antifoc.ro,https://www.matari-antifoc.ro/Termoprotectie.html,Firma specializata si autorizata pentru termoprotectie structuri metalice cu vopsea termospumanta,33.07,2,6.0,3,"Protecție structuri metalice, Matări și etanșări antifoc","matări antifoc București, termoprotecție oțel București",NO
129,usalagaraj.ro,https://www.usalagaraj.ro/produs/usa-rezistenta-la-foc-antifoc-bft-doua-canate-1800-900900-x-2050-mm-gri-ral-7035/,USA REZISTENTA LA FOC (ANTIFOC) BFT doua canate 1800 (900+900) x 2050 mm gri ral 7035 - Usi de garaj,33.07,2,5.0,3,Uși și accesorii antifoc,"uși foc un canat două canate, uși foc un canat două canate",NO
130,adeziviromania.ro,https://www.adeziviromania.ro/catalog/hidroizolatie-terasa-552064,Hidroizolatii terase - Adeziviromania®,33.07,2,5.0,3,Izolații și hidroizolații,"hidroizolații terase circulabile, hidroizolații terase bloc",NO
131,dalap.ro,https://dalap.ro/izolaie-pentru-conducte-de-ventilaie-98-,Izolație pentru conducte de ventilație - DALAP VENTILATOARE S.R.L.,33.07,2,5.0,5,Izolații și hidroizolații,"izolație foc conducte ventilație, protecție termică tubulaturi",NO
132,emag.ro,https://www.emag.ro/chit-etansare-la-foc-knauf-fpp-polymer-tub-silicon-300-ml-651095/pd/DQQMP3MBM/,"Chit etansare la foc Knauf FPP Polymer, tub silicon, 300 ml - eMAG.ro",32.63,4,6.75,4,"Protecție structuri metalice, Matări și etanșări antifoc","chituri etanșare foc, vopsea intumescentă structuri metalice, aplicare vopsea intumescentă profesionistă, calculator vopsea intumescentă",NO
133,eurosolar.ro,https://eurosolar.ro/treceri-antifoc/,Eurosolar | Treceri antifoc,32.53,1,5.0,5,Matări și etanșări antifoc,spume antifoc treceri,NO
134,scribd.com,https://www.scribd.com/document/142028531/Gp-111-04-Protectie-Anticoroziva-Structuri-Metalice,GP 111-04 Protectie Anticoroziva Structuri Metalice | PDF,32.53,1,5.0,5,Protecție structuri metalice,protecție structuri metalice industriale,NO
135,forum.misiuneacasa.ro,https://forum.misiuneacasa.ro/forum/amenajari-interioare-dotari/sisteme-de-gips-carton/30364-tavan-casetat-rezistent-la-foc-180,Tavan casetat rezistent la foc 180 - Forum.MisiuneaCasa.Ro,32.53,1,5.0,5,Sisteme compartimentare antifoc,tavan fals rezistent foc,NO
136,filge.ro,https://filge.ro/produs/placa-gipscarton-rigips-ignifug-12-5-rf-1200x2600/,Placa Gipscarton Ignifug Rigips Protectie Foc 12.5mm RF 1200x2600 - Filge Materiale de Construcții,32.53,1,5.0,5,Sisteme compartimentare antifoc,sisteme rigips protecție foc,NO
137,usigarajbucuresti.ro,http://usigarajbucuresti.ro/,Uși de Garaj București – Uși Secționale & Industriale | Montaj Rapid,32.53,1,5.0,5,Uși și accesorii antifoc,uși antifoc montaj București,NO
138,specialdoors.ro,https://www.specialdoors.ro/usi-antifoc/usa-antifoc-simpla-ei60-cu-perioada-de-rezistenta-la-foc-de-60-min-890/2060cm-usa-antifoc-simpla-el60.html,Usa antifoc simpla EI60 cu perioada de rezistenta la foc de 60 min -890/2060cm-,32.53,1,5.0,5,Uși și accesorii antifoc,uși rezistente foc EI60,NO
139,gdsmentenanta.ro,https://gdsmentenanta.ro/usi-metalice-antifoc/,Usi metalice antifoc - GDS Mentenanta,32.53,1,5.0,5,Uși și accesorii antifoc,mentenanță uși antifoc,NO
140,media.siniat.ro,https://media.siniat.ro/pi39124/original/956863421/normativul-de-siguranta-la-foc-a-constructiilor-p118-99-din-07-04.pdf,Normativul de siguranță la foc a construcțiilor indicativ P ...,32.53,1,5.0,5,Uși și accesorii antifoc,uși foc normă P118,NO
141,sbi-steel.ro,https://www.sbi-steel.ro/en/our-products/fire-dampers/,Rectangular Fire dampers FD-E120/EI60S made in Romania - SBI Steel Industry,32.53,1,5.0,5,Izolații și hidroizolații,clapete antifoc ventilație,NO
142,isoteckline.com,https://isoteckline.com/izolatii-pentru-tevi-si-conducte,Izolatii pentru tevi si conducte | ISOTECKLINE,32.53,1,5.0,5,Izolații și hidroizolații,izolație conducte pluviale,NO
143,protectia-muncii-bucuresti.ro,https://protectia-muncii-bucuresti.ro/,Protecția muncii București - Serviciu extern de prevenire și protecție,32.53,1,5.0,5,Consultanță și conformitate legislativă,consultanta protecție foc București,NO
144,ssc.ro,https://www.ssc.ro/normativ-securitate-alarma-incendiu-sisteme,Normativ securitate incendiu constructii Sisteme de detectare semnalizare alarma si avertizare,32.53,1,5.0,5,Consultanță și conformitate legislativă,verificare normă incendiu,NO
145,bestprotect.ro,https://bestprotect.ro/,Protecția muncii - Servicii și consultanță la preț corect,32.53,1,5.0,5,Consultanță și conformitate legislativă,consultanta tehnică protecție pasivă,NO
146,eebc.ro,https://eebc.ro/blog-informatii-instalatii/eebc-la-lucru-ignifugarea-lemnului,"Ignifugarea lemnului este procedeul prin care se tratează lemnul cu substanțe ignifuge pentru a-i mări rezistența la foc, a înceti propagarea focului și a face jarul mai ușor de stins. Acest lucru nu înseamna ca este o modalitate de protecție prin care lemnul nu mai arde, ci doar ofera o protecție în timp. <br></br>Procedeele de ignifugare a lemnului nu îl fac imun la foc, ci mult mai rezistent. Tot tratamentul trebuie să încetinească propagarea focului și să facă mai ușoară stingerea ja",32.53,1,4.0,4,,ignifugare construcții,NO
147,infocasa.ro,https://www.infocasa.ro/materiale-de-constructie-rezistente-la-foc-ce-pot-fi-utilizate-in-constructia-casei-tale/,Materiale de constructie rezistente la foc ce pot fi utilizate in constructia casei tale! | Infocasa,32.53,1,4.0,4,,materiale rezistente foc,NO
148,xsbrokers.com,https://xsbrokers.com/wp-content/uploads/2020/08/OCP-Application-Colony.pdf,AC-APP094-0718 Page 1 of 2,32.53,1,4.0,4,,contractor protecție foc,NO
149,nzarh.ro,https://www.nzarh.ro/servicii/autorizatii-psi--isu,Autorizatii PSI / ISU - Birou de arhitectura - Nzarh,32.53,1,4.0,4,,servicii certificare ISU,NO
150,gerominternational.ro,https://gerominternational.ro/sisteme-de-detectie-si-avertizare-incendiu/,Sisteme de detectie si avertizare incendiu – Gerom International,32.53,1,4.0,4,,sisteme limitare propagare incendiu,NO
151,hidroset.ro,https://www.hidroset.ro/sisteme-hidroizolatii.html,Sisteme hidroizolatii terasa Hidroset,32.27,3,5.67,2,Izolații și hidroizolații,"hidroizolații terase circulabile, hidroizolații hale industriale, hidroizolații hale industriale",NO
152,nullifire.com,https://www.nullifire.com/ro-ro/informatii-tehnice/centru-de-know-how/protectie-pasiva-impotriva-incendiilor/,Protecție pasivă împotriva incendiilor | Nullifire Nullifire România,32.13,4,5.0,1,,"protecție pasivă incendiu, protecție pasivă incendiu, protecție clădiri incendiu, soluții siguranță incendiu",NO
153,shop.electro-instalatii.eu,https://shop.electro-instalatii.eu/soluii-de-etanare-si-bariere-antifoc-,Soluții de etanșare si bariere antifoc - Produse de calitate la Electro Instalatii,32.07,2,5.5,4,Matări și etanșări antifoc,"mansoane antifoc PVC, soluții antifoc industriale",NO
154,arhispec.ro,https://arhispec.ro/uploads/brosuri/Sisteme din gips-carton Siniat.pdf,Sisteme de gips-carton rezistente la foc NIDA System Pereţi Placări ...,32.07,2,5.5,4,Sisteme compartimentare antifoc,"pereți rigips rezistenți foc, plăci gips-carton antifoc",NO
155,isover.ro,https://www.isover.ro/products/climaver-a2-plus,CLIMAVER® A2 Plus | ISOVER Romania,32.07,2,5.5,2,Izolații și hidroizolații,"izolare tubulaturi ventilație foc, protecție conducte foc",NO
156,infiltratiizero.ro,https://infiltratiizero.ro/services/hidroizolatii-terase-bloc/,Hidroizolatii terase bloc – Infiltratii Zero,32.07,2,5.5,2,Izolații și hidroizolații,"hidroizolații terase bloc, hidroizolații hale industriale",NO
157,sionsolution.ro,https://www.sionsolution.ro/en/igsu-fire-safety-authorization-useful-information-2,Autorizatie IGSU de securitate la incendiu - Informatii utile,32.07,2,5.5,3,Consultanță și conformitate legislativă,"audit siguranță incendiu clădiri, firma autorizată protecție incendiu",NO
158,rockwool.com,https://www.rockwool.com/ro/produse-si-aplicatii/protectie-la-foc/,Protecție pasivă împotriva incendiilor | ROCKWOOL Group,32.07,2,4.5,2,,"protecție pasivă incendiu, materiale rezistente foc",NO
159,ventilatie-recuperare.ro,https://ventilatie-recuperare.ro/categorie-produs/sisteme-de-tubulaturi-pentru-ventilatie/izolatii/,"Izolatii tubulaturi Armaflex, Vidoflex placa, tub sau autoadezive",31.63,4,6.25,1,Izolații și hidroizolații,"izolare tubulaturi ventilație foc, clapete antifoc ventilație, protecție termică tubulaturi, protecție termică tubulaturi",NO
160,mcagrup.ro,https://www.mcagrup.ro/usi-antifoc-si-multifunctionale/,Usi rezistente la foc si multifunctionale | MCA,31.53,6,6.83,2,Uși și accesorii antifoc,"uși foc un canat două canate, uși foc un canat două canate, uși foc un canat două canate, uși foc un canat două canate, uși industriale rezistente foc",NO
161,ng-network.ro,https://www.ng-network.ro/servicii/matari-goluri-tehnologice/,Matari goluri tehnologice | NG-Network by Anachrom Consult,31.07,2,6.0,4,Matări și etanșări antifoc,"etanșări treceri tehnice foc, goluri tehnice protecție foc",NO
162,suru.ro,https://suru.ro/protectie-tubulaturi-de-ventilatie/,Protectie tubulaturi de ventilatie - SURU Facility GBC - Protectie la foc,31.07,2,6.0,3,Izolații și hidroizolații,"izolare tubulaturi ventilație foc, izolație foc conducte ventilație",NO
163,arts.org.ro,https://arts.org.ro/images/norme/Norme-ARTS-INCENDIU.pdf,Asociatia Romana pentru Tehnica de Securitate,31.07,2,6.0,2,Consultanță și conformitate legislativă,"verificare normă incendiu, verificare normă incendiu",NO
164,promptsystem.ro,https://www.promptsystem.ro/magazin/usi-metalice-rezistente-la-foc/usi-antifoc-ei-60-simple-1-canat/,Usi antifoc EI 60 1 canat usi metalice de interior rezistente la foc,30.87,6,7.17,2,Uși și accesorii antifoc,"uși rezistente foc EI60, uși rezistente foc EI60, uși foc un canat două canate, uși etanșe fum foc, uși antifoc RAL personalizat",NO
165,sigura.ro,https://www.sigura.ro/ro,Etanșări antifoc la penetrații în structuri constructive,30.53,1,6.0,6,Matări și etanșări antifoc,etanșări treceri tehnice foc,NO
166,biano.ro,https://www.biano.ro/produs/v/167243249-usa-antifoc-ei60-120-non-standard-cu-inaltime-1800-2400-2650-mm-ral1013-2600-1300-1300-120-st-2650-dubla,"Usa antifoc EI60 120 - NON-Standard cu inaltime 1800 2400 2650 mm RAL1013, 2600(1300+1300), 120, ST, 2650, Dubla | BIANO",30.53,1,6.0,6,Matări și etanșări antifoc,etanșări EI60 EI120,NO
167,macsfire.eu,https://www.macsfire.eu/downloads/ro/Documents/PUT - Worked Example - MACS+.pdf,1 EXEMPLU DE CALCUL,30.53,1,6.0,6,Protecție structuri metalice,protecție foc grinzi metalice,NO
168,geomis.ro,https://www.geomis.ro/termoprotectie-cu-vopsea-termospumanta-solutia-eficienta-pentru-protectia-la-foc-a-structurilor-metalice/,Termoprotectie cu vopsea termospumanta - Solutia ideala pentru protectia la foc,30.53,1,6.0,6,Protecție structuri metalice,termoprotecție oțel București,NO
169,izolatii-conducte.ro,https://www.izolatii-conducte.ro/protectie-anticoroziva-si-mecanica-poliband-epc-s/,Protecție anticorozivă și mecanică Poliband și EPC-S - Izolatii Conducte,30.53,1,6.0,6,Protecție structuri metalice,protecție structuri metalice industriale,NO
170,aurassrl.com,https://aurassrl.com/produs/intu-fr-coat-a-vopsea-intumescenta/,Vopsea Intumescenta 3kg/12.5kg INTU FR Coat A - La Pret Mic,30.53,1,6.0,6,Protecție structuri metalice,calculator vopsea intumescentă,NO
171,infohale.ro,https://infohale.ro/ai-nevoie-de-protectie-antifoc-afla-cat-te-costa-de-la-danis-carbolines/,Ai nevoie de protectie antifoc? Afla cat te costa de la Danis Carbolines – InfoHale,30.53,1,6.0,6,Protecție structuri metalice,vopsea antifoc metal certificată,NO
172,fabory.com,https://www.fabory.com/en/group/heat_treatment,Heat treatment | Fabory,30.53,1,6.0,6,Protecție structuri metalice,tratament termic structuri metalice,NO
173,depozitprodsid.ro,https://www.depozitprodsid.ro/materiale-pentru-construc%C8%9Bii/placa-technogips-ignifug-12-5x1200x2600.html,PLACA TECHNOGIPS IGNIFUG 12.5X1200X2600,30.53,1,6.0,6,Sisteme compartimentare antifoc,plăci gips-carton antifoc,NO
174,arcomglass.ro,http://arcomglass.ro/Perete-cortina-standard.php,Pereti cortina fatade sticla,30.53,1,6.0,6,Sisteme compartimentare antifoc,perete cortină antifoc,NO
175,usi24.ro,https://www.usi24.ro/catalog/usi-rezistente-la-foc-metalice-ei2-60-90382,Uși Rezistente la Foc Metalice de Interior – Siguranță și ...,30.53,1,6.0,6,Uși și accesorii antifoc,uși rezistente foc EI60,NO
176,mydoor.ro,https://mydoor.ro/ro/usi-industriale/usi-rezistente-la-foc,Uși rezistente la foc | Uși industriale,30.53,1,6.0,6,Uși și accesorii antifoc,uși industriale rezistente foc,NO
177,isopartner.ro,https://www.isopartner.ro/ro/industrii/izolatii-sisteme-hvac,IZOLATII SISTEME HVAC | ISOPARTNER,30.53,1,6.0,6,Izolații și hidroizolații,izolare tubulaturi ventilație foc,NO
178,hidroizolatii-izolatii.ro,https://www.hidroizolatii-izolatii.ro/hidroizolatii-terase/,Hidroizolatii Terase Moderne | Circulabile si Necirculabile,30.53,1,6.0,6,Izolații și hidroizolații,hidroizolații terase circulabile,NO
179,paa-auto.ro,https://paa-auto.ro/tuburi-coliere/izolatie-pentru-conducte-de-ventilatie-cu-diametru-intre-50-60-mm/,Izolatie pentru conducte de ventilatie cu diametru intre 50-60 mm - PAA Auto,30.53,1,6.0,6,Izolații și hidroizolații,izolație foc conducte ventilație,NO
180,smay.ro,https://smay.ro/clapete-antifoc/,Clapete antifoc - SMAY - Producător Ventilation Systems,30.53,1,6.0,6,Izolații și hidroizolații,clapete antifoc ventilație,NO
181,frigotehnie.ro,https://www.frigotehnie.ro/izolatie-tevi/242-izolatie-tevi-19x76-2010000028223.html,Izolatie tevi 19x76,30.53,1,6.0,6,Izolații și hidroizolații,izolație conducte pluviale,NO
182,engineer.techinfus.com,https://engineer.techinfus.com/ro/kanaliz/truby/uteplitel-dlya-trub-kanalizacii.html,"Izolație pentru conducte de canalizare: tipuri, care sunt mai bune, caracteristici de aplicare",30.53,1,6.0,6,Izolații și hidroizolații,izolație foc conducte climatizare,NO
183,ssm.ro,https://www.ssm.ro/protectia-muncii-bucuresti,"Protecția Muncii Bucureşti, Firme SSM, Platformă digitală Securitatea și Sănătatea Muncii, PSI",30.53,1,6.0,6,Consultanță și conformitate legislativă,consultanta protecție foc București,NO
184,sectra.ro,https://sectra.ro/wp-content/uploads/2025/03/P-118-3-din-2015-SEMNALIZARE.pdf,"P A R T E A I LEGI, DECRETE, HOTĂRÂRI ȘI ALTE ACTE",30.53,1,6.0,6,Consultanță și conformitate legislativă,audit conformitate P118/1-2025,NO
185,juristfirme.ro,https://www.juristfirme.ro/avize-si-autorizatii-isu/,Avizul și Autorizația ISU. Când ai nevoie de așa ceva?,30.53,1,6.0,6,Consultanță și conformitate legislativă,documentație ISU autorizație,NO
186,tetrasistemsguard.ro,https://tetrasistemsguard.ro/servicii/consultanta_in_securitate.php,Consultanţă în securitate | Tetra Sistem Guard,30.53,1,6.0,6,Consultanță și conformitate legislativă,consultanta tehnică protecție pasivă,NO
187,ziaruldetulcea.ro,https://ziaruldetulcea.ro/5-materiale-rezistente-la-incendii/,5 materiale rezistente la incendii – Ziarul de Tulcea,30.53,1,5.0,5,,materiale rezistente foc,NO
188,hibluerock.com,https://www.hibluerock.com/owners-contractors-liability,Owners & Contractors Protective Liability Insurance — Blue Rock Insurance Services,30.53,1,5.0,5,,contractor protecție foc,NO
189,consultia.ro,https://www.consultia.ro/servicii/aviz-si-autorizatie-isu/,Aviz si Autorizatie ISU – Protectia Muncii Brasov,30.53,1,5.0,5,,servicii certificare ISU,NO
190,securitate-incendiu-constructii.ro,http://securitate-incendiu-constructii.ro/conditii-specifice-securitatii-la-incendiu-pentru-instalatiile-de-ventilare-si-climatizare/,Condiții specifice securității la incendiu pentru instalațiile de ventilare și climatizare - ASIC-ASOCIAȚIA PENTRU SECURITATEA LA INCENDIU A CONSTRUCȚIILOR,30.07,2,7.5,6,"Sisteme compartimentare antifoc, Matări și etanșări antifoc","treceri instalații pereți rezistenți foc, compartimentare incendiu clădiri",NO
191,metal-online.ro,https://www.metal-online.ro/4-tipuri-de-tratamente-termice-aplicate-otelului-100.html,Metal-online,30.07,2,6.5,3,Protecție structuri metalice,"termoprotecție oțel București, tratament termic structuri metalice",NO
192,usi-transilvania.ro,https://www.usi-transilvania.ro/produse/usi-tehnice/usi-rezistente-la-foc-30-min-60-min/,"Uși rezistente la foc EI 30, EI 60 - usi tehnice antifoc",30.07,2,6.5,6,Uși și accesorii antifoc,"uși rezistente foc EI60, uși foc un canat două canate",NO
193,hsl.ro,https://www.hsl.ro/magazin/usi-industriale/rulouri-industriale/cortine-antifoc-ei/,Cortine Antifoc EI | Rulouri Rezistente la Foc,30.07,2,6.5,5,Uși și accesorii antifoc,"uși cortină protecție incendiu, uși etanșe fum foc",NO
194,sting-protect.ro,https://sting-protect.ro/wp-content/uploads/2018/07/P118-1999-Normativ-de-siguranta-la-foc-a-constructiilor.pdf,P118-1999-Normativ-de-siguranta-la-foc-a-constructiilor.pdf,30.07,2,7.5,5,"Uși și accesorii antifoc, Consultanță și conformitate legislativă","uși foc normă P118, consultanta adaptare normativ foc",NO
195,tubovent.ro,https://tubovent.ro/tubulatura-rezistenta-la-foc/,Tubulatura rezistenta la foc - Va oferim tubulatura ignifuga la preturi bune,30.07,2,6.5,5,Izolații și hidroizolații,"izolare tubulaturi ventilație foc, izolație conducte pluviale",NO
196,vent-sys.ro,https://www.vent-sys.ro/clapete-si-voleti-rezistente-la-foc/,Clapete si voleti rezistente la foc,30.07,2,6.5,4,Izolații și hidroizolații,"clapete antifoc ventilație, clapete antifoc ventilație",NO
197,feqs.ro,https://feqs.ro/servicii/protectie-pasiva-la-foc-a-structurilor-metalice-si-lemn/,Protecție pasivă la foc a structurilor metalice și lemn – FEQS Group,30.07,2,5.5,3,,"protecție structurale foc, protecție bunuri materiale foc",NO
198,norgips.ro,https://norgips.ro/avantaje/siguranta-impotriva-incendiilor/,Siguranță împotriva incendiilor - Norgips - furnizor de plăci din gips-carton și produse pentru finisaje interioare,29.6,3,8.0,6,"Sisteme compartimentare antifoc, Matări și etanșări antifoc","treceri instalații pereți rezistenți foc, pereți rigips rezistenți foc, execuție pereți rezistenți foc",NO
199,geze.ro,https://www.geze.ro/ro/descoperiti/subiecte/sistemele-de-blocare-a-usii-in-pozitie-deschisa,Sistemele de blocare în poziție deschisă – siguranța înainte de toate în cazul unui incendiu | GEZE,29.6,3,7.0,3,Uși și accesorii antifoc,"mentenanță uși antifoc, protecție clădiri incendiu, soluții siguranță incendiu",NO
200,oar.archi,https://oar.archi/stiri/normativul-p118-1-2025-8-mai-2025-ce-se-schimba/,"Normativul P118-1/2025 intră în vigoare începând cu 8 mai 2025 – Ce se schimbă, ce rămâne și ce înseamnă pentru practica arhitecților? - OAR",29.6,3,8.0,6,"Uși și accesorii antifoc, Consultanță și conformitate legislativă","uși foc normă P118, audit conformitate P118/1-2025, consultanta adaptare normativ foc",NO
201,airguru.ro,https://www.airguru.ro/423-ATEX-SI-DESFUMARE/579~Materiale-Rezistente-la-Foc/13416-Manson-rezistent-la-foc-cu-conectare-la-tubulaturi-ATC-MG2-R-125.html,Manson rezistent la foc cu conectare la tubulaturi ATC MG2+R 125,29.07,2,7.0,5,Matări și etanșări antifoc,"mansoane antifoc PVC, mansoane antifoc PVC",NO
202,knauf.ro,https://www.knauf.ro/uploads/system_downloads/5e53ec49cde95.pdf,Knauf,29.07,2,7.0,6,Protecție structuri metalice,"calculator vopsea intumescentă, protecție stâlpi metalici foc",NO
203,coramet.ro,https://www.coramet.ro/produse-efecte-speciale-interior/vopsea-termospumanta-antifoc/interchar-1120-vopsea-termospumant-intumescent-2,INTERCHAR 1120 vopsea termospumantă (intumescentă)2,29.07,2,7.0,5,Protecție structuri metalice,"vopsea antifoc metal certificată, vopsea antifoc metal certificată",NO
204,server.ce.tuiasi.ro,http://server.ce.tuiasi.ro/~ddiaconu/download/FOC/A_Prelegerea 7 STABILITATEA LA FOC A STRUCTURILOR.pdf,prelegerea 7 - stabilitatea la foc a structurilor construcţiilor,29.07,2,8.0,8,"Sisteme compartimentare antifoc, Protecție structuri metalice","protecție stâlpi metalici foc, compartimentare siguranță incendiu",NO
205,reformex.ro,https://www.reformex.ro/hidroizolatie-terasa-circulabila/,Hidroizolatie terasa circulabila: Avantaje - Metode - Reformex,29.07,2,7.0,5,Izolații și hidroizolații,"hidroizolații terase circulabile, hidroizolații terase bloc",NO
206,ehvac.ro,https://ehvac.ro/izolatie-teava-cupru/,"Izolatie teava cupru - Tubulatura ventilatie aluminiu, materiale climatizare si izolatii termice eHvac",29.07,5,7.8,1,Izolații și hidroizolații,"izolație foc conducte ventilație, clapete antifoc ventilație, izolație conducte pluviale, protecție termică tubulaturi, izolație foc conducte climatizare",NO
207,blindat.ro,https://blindat.ro/usi-antifoc/,"Usi Antifoc Aviz PSI, simple și duble cu livrare din stoc",28.93,3,7.33,3,Uși și accesorii antifoc,"montaj uși antifoc certificat, uși etanșe fum foc, uși industriale rezistente foc",NO
208,ravago.ro,https://ravago.ro/sites/default/files/cataloage/catalog_produse_promat.pdf,Promat Manual de protecție la foc,28.53,1,7.0,7,Matări și etanșări antifoc,treceri instalații pereți rezistenți foc,NO
209,promat-comv1-prod.hubster.etexwebplatform.com,https://promat-comv1-prod.hubster.etexwebplatform.com/ro-ro/produse-sisteme/,Produse și sisteme pentru protecție anti-incendiu – Promat,28.53,1,7.0,7,Matări și etanșări antifoc,coliere intumescente conducte,NO
210,ruralconstruct.ro,https://www.ruralconstruct.ro/produs/torcret-pentru-protectie-la-foc/,Torcret pentru protecție la foc - Rural construct,28.53,1,7.0,7,Protecție structuri metalice,protecție foc grinzi metalice,NO
211,termopanclass.ro,https://termopanclass.ro/produse-si-servicii/,Produse și Servicii - Termopan Class - Termopane Bucuresti,28.53,1,7.0,7,Protecție structuri metalice,termoprotecție oțel București,NO
212,bassano.ro,https://bassano.ro/ce-rol-joaca-vopsirea-industriala-in-protejarea-structurilor-metalice/,Ce rol joacă vopsirea industrială în protejarea structurilor metalice | BASSANO BUILDINGS SRL,28.53,1,7.0,7,Protecție structuri metalice,protecție structuri metalice industriale,NO
213,formare-specialisti-constructii.ro,https://formare-specialisti-constructii.ro/hale-metalice-cum-se-stabileste-performanta-la-foc-pentru-grinzi-sigur-nu-stiai-acest-lucru/,Hale Metalice. Cum se stabilește performanța la foc pentru grinzi: sigur nu știai acest lucru. |,28.53,1,7.0,7,Protecție structuri metalice,protecție stâlpi metalici foc,NO
214,mesa.ro,https://mesa.ro/tratament-termic/,Tratament Termic – Rezistență și Performanță,28.53,1,7.0,7,Protecție structuri metalice,tratament termic structuri metalice,NO
215,upgradeconstruct.ro,https://upgradeconstruct.ro/product/orci-varius-natoque-lighting/,Placa gips carton antifoc RF 12.5 x 1200 x 2600 mm/ bax cu TVA – Upgrade Construct,28.53,1,7.0,7,Sisteme compartimentare antifoc,plăci gips-carton antifoc,NO
216,tamplariedealuminiu.ro,https://www.tamplariedealuminiu.ro/tamplarie-din-aluminiu-fatade-perete-cortina/,Tamplarie din aluminiu fatade perete cortina – Tamplarie de aluminiu,28.53,1,7.0,7,Sisteme compartimentare antifoc,perete cortină antifoc,NO
217,mondo.ro,https://mondo.ro/produse/usi-metalice-multifunctionale-si-antifoc/univer-antifoc/,Ușă metalică antifoc UNIVER - Mondo Style,28.53,1,7.0,7,Uși și accesorii antifoc,uși antifoc RAL personalizat,NO
218,mincon.ro,https://www.mincon.ro/hidroizolatii-terase-circulabile/,Hidroizolatii terase circulabile | Mincon Romania,28.53,1,7.0,7,Izolații și hidroizolații,hidroizolații terase circulabile,NO
219,voltatec.ro,https://www.voltatec.ro/Ventilatie/Clapete-antifoc-circulare/,Clapete antifoc circulare,28.53,1,7.0,7,Izolații și hidroizolații,clapete antifoc ventilație,NO
220,blog.isoteckline.com,https://blog.isoteckline.com/rolul-izolatiei-pentru-tevi-si-conducte/,Rolul izolatiei pentru tevi si conducte | ISOTECKLINE,28.53,1,7.0,7,Izolații și hidroizolații,izolație conducte pluviale,NO
221,apolodor-hidroizolatii.ro,https://apolodor-hidroizolatii.ro/hidroizolatii-hale-industriale/,Hidroizolații Hale Industriale - Apolodor Business Construction,28.53,1,7.0,7,Izolații și hidroizolații,hidroizolații hale industriale,NO
222,pipetech.ro,https://pipetech.ro/servicii/sisteme-antifoc-si-protective/,"Sisteme antifoc și protective • PipeTech • Aplicabilitate în domeniile: gaze tehnice, criogeniei, instalatiilor",28.53,1,7.0,7,Consultanță și conformitate legislativă,proiectare sisteme antifoc,NO
223,security-consulting.ro,https://www.security-consulting.ro/consultanta.html,Consultanta Management de Securitate - Security Consulting,28.53,1,7.0,7,Consultanță și conformitate legislativă,consultanta tehnică protecție pasivă,NO
224,securitymania.ro,https://www.securitymania.ro/mentenanta-intretinere-sisteme-detectie-incendiu,Mentenanta/intretinere sisteme detectie incendiu,28.53,1,7.0,7,Consultanță și conformitate legislativă,verificare periodică sisteme antifoc,NO
225,greatamericaninsurancegroup.com,https://www.greatamericaninsurancegroup.com/about-us/business-operations/product/specialty-construction/owners-and-contractors-protective-liability,Owners and Contractors Protective (OCP) Liability Insurance - Great American Insurance Group,28.53,1,6.0,6,,contractor protecție foc,NO
226,daosteel.ro,https://www.daosteel.ro/termoprotectie-structuri-metalice/,Prevenire si protectie in domeniul termoprotectiei structurilor metalice – DDAO STEEL PROTECTION,28.53,1,6.0,6,,protecție structurale foc,NO
227,lmsecurity.ro,http://www.lmsecurity.ro/produse/sisteme-de-limitare-si-stingere-a-incendiilor-cu-drencere--13.html,SISTEME DE LIMITARE SI STINGERE A INCENDIILOR CU ...,28.53,1,6.0,6,,sisteme limitare propagare incendiu,NO
228,ijsunt.ro,https://www.ijsunt.ro/ghid/,GHID IGSU privind avizarea / autorizarea categoriilor de constructii si amenajari,28.07,2,8.5,8,"Consultanță și conformitate legislativă, Matări și etanșări antifoc","matări certificată ISU, documentație ISU autorizație",NO
229,cdep.ro,https://www.cdep.ro/pls/legis/legis_pck.htp_act_text?idt=4964,LEGE nr.17 din 2 aprilie 1996 privind regimul armelor de foc şi al muniţiilor,28.07,2,7.5,7,Consultanță și conformitate legislativă,"conformitate legi protecție foc, conformitate legi protecție foc",NO
230,firesolutions.ro,https://firesolutions.ro/autorizare,"Autorizatii ISU, obtinem autorizatia ISU - Blue Fire Solutions",27.07,2,8.0,7,Matări și etanșări antifoc,"matări certificată ISU, firma autorizată protecție incendiu",NO
231,ignitrust.ro,https://ignitrust.ro/termoprotectie-metal-cu-vopsele-termospumante-colorate/,Termoprotectie metal cu vopsele termospumante colorate - IGNITRUST,27.07,2,8.0,7,Protecție structuri metalice,"vopsea intumescentă structuri metalice, vopsea termospumantă R30 R60",NO
232,usi.ro,https://www.usi.ro/usi/detaliu/Usa-metalica-EI60--rezistenta-la-foc-60-de-minute-800x2060-7148/,"Usa metalica EI60, rezistenta la foc 60 de minute 800x2060",27.07,2,8.0,8,Uși și accesorii antifoc,"uși rezistente foc EI60, uși industriale rezistente foc",NO
233,hidroizolatii-industriale.ro,https://hidroizolatii-industriale.ro/hidroizolatii-hale/,Hidroizolatii hale - Hidroizolatii Industriale,27.07,2,8.0,6,Izolații și hidroizolații,"hidroizolații hale industriale, hidroizolații hale industriale",NO
234,chilipirul-zilei.ro,https://www.chilipirul-zilei.ro/cumpara/set-de-8-coliere-cu-surubelnita-pentru-conducte-furtune-matogle-otel-58331,"Set de 8 coliere cu surubelnita pentru conducte/furtune Matogle, otel inoxidabil,argintiu, 91 - 114 mm - Chilipirul Zilei",26.53,1,8.0,8,Matări și etanșări antifoc,coliere intumescente conducte,NO
235,soudal.ro,https://www.soudal.ro/pro/produse/spume-poliuretanice/spume-antifoc/spuma-soudafoam-antifoc-pistol,Spumă Soudafoam antifoc pistol | Soudal,26.53,1,8.0,8,Matări și etanșări antifoc,spume antifoc treceri,NO
236,vindem-ieftin.ro,https://vindem-ieftin.ro/produs/sistem-termoprotectie-structuri-metalice-vopsea-intumescenta/,Sistem Termoprotectie Structuri Metalice Vopsea Intumescenta,26.53,1,8.0,8,Protecție structuri metalice,vopsea intumescentă structuri metalice,NO
237,ro.birmiss.com,https://ro.birmiss.com/snip-protectia-la-foc-a-structurilor-metalice-rezistenta-la-foc-a-structurilor-metalice-fara-protectie-impotriva-incendiilor/,"SNIP: protecția la foc a structurilor metalice. Rezistența la foc a structurilor metalice, fără protecție împotriva incendiilor",26.53,1,8.0,8,Protecție structuri metalice,protecție foc grinzi metalice,NO
238,dencos.ro,https://dencos.ro/structuri-metalice-productie-montaj-si-reparatii-bucuresti/,"Structuri Metalice - Producție, Montaj Și Reparații - Dencos",26.53,1,8.0,8,Protecție structuri metalice,protecție structuri metalice industriale,NO
239,paletimetalici.ro,https://paletimetalici.ro/product/tratament-termic-recoacere-si-detensionare/,Tratament termic Recoacere si detensionare | SMITS,26.53,1,8.0,8,Protecție structuri metalice,tratament termic structuri metalice,NO
240,necesit.ro,https://www.necesit.ro/preturi/montaj-rigips/Montaj%20rigips-pret,Liste de prețuri - prețuri 2025: Montaj rigips - Necesit.ro,26.53,1,8.0,8,Sisteme compartimentare antifoc,tavane antifoc rigips,NO
241,eradical.ro,https://eradical.ro/produs/placa-gips-carton-antifoc-125mm/,"Placa Gips Carton Antifoc 12,5 mm - eRADICAL",26.53,1,8.0,8,Sisteme compartimentare antifoc,plăci gips-carton antifoc,NO
242,bogdesign.ro,https://bogdesign.ro/pereti-cortina/,Pereti cortina,26.53,1,8.0,8,Sisteme compartimentare antifoc,perete cortină antifoc,NO
243,robadel-servicii.ro,https://www.robadel-servicii.ro/montaj-usi,Montaj usi in regim de urgenta - Montaj usi Bucuresti si Ilfov | Robadel Servicii SRL,26.53,1,8.0,8,Uși și accesorii antifoc,uși antifoc montaj București,NO
244,hidroizolatii-epdm.ro,https://hidroizolatii-epdm.ro/termo-si-hidroizolatie-terase-circulabile,Hidroizolatii Terase Circulabile - Termoizolatii,26.53,1,8.0,8,Izolații și hidroizolații,hidroizolații terase circulabile,NO
245,go4it.ro,https://www.go4it.ro/content/advertorial/izolatii-menite-sa-mentina-functionarea-optima-in-cladiri-p-19251293,Izolații menite să mențină funcționarea optimă în clădiri (P),26.53,1,8.0,8,Izolații și hidroizolații,izolație foc conducte ventilație,NO
246,hidropro.ro,https://hidropro.ro/servicii/hidroizolatie-terasa-bloc/,Hidroizolatie terasa bloc - Hidroizolatii profesionale,26.53,1,8.0,8,Izolații și hidroizolații,hidroizolații terase bloc,NO
247,magazin.dovis.ro,https://magazin.dovis.ro/tubtermocontractibil/,Tub Termocontractibil,26.53,1,8.0,8,Izolații și hidroizolații,protecție termică tubulaturi,NO
248,hidrotcr.ro,https://www.hidrotcr.ro/hidroizolatii-hale-industriale-comerciale/,Hidroizolatii Hale Industriale/Comerciale - Hidroizolatii TCR,26.53,1,8.0,8,Izolații și hidroizolații,hidroizolații hale industriale,NO
249,izolatii-sisteme-hvac.ro,https://izolatii-sisteme-hvac.ro/2024/06/01/solutii-de-izolare-a-sistemelor-de-incalzire-ventilatie-si-climatizare-hvac/,"Soluții de izolare a sistemelor de Încălzire, Ventilație și Climatizare (HVAC) - Izolatii sisteme HVAC",26.53,1,8.0,8,Izolații și hidroizolații,izolație foc conducte climatizare,NO
250,proficonsproject.ro,https://proficonsproject.ro/consultanta-tehnica/,CONSULTANTA TEHNICA – Proficons Project,26.53,1,8.0,8,Consultanță și conformitate legislativă,consultanta tehnică protecție pasivă,NO
251,primosal.ro,https://primosal.ro/servicii-primosal/prevenirea-si-stingerea-incendiilor/,P.S.I. – PRIMOSAL,26.53,1,8.0,8,Consultanță și conformitate legislativă,verificare periodică sisteme antifoc,NO
252,constructiicase-lemn.ro,https://constructiicase-lemn.ro/ignifugarea-constructiilor-din-lemn/,Ignifugarea constructiilor din lemn - Constructii Case Lemn,26.53,1,7.0,7,,ignifugare construcții,NO
253,kondorinvest.ro,https://www.kondorinvest.ro/industrial/usi/usi-antifoc/,"Usi antifoc - 11 ani de experienta in domeniul sistemelor industriale, portofoliu variat, peste 800 de parteneri in toata tara - - Kondor",26.53,1,7.0,7,,soluții antifoc industriale,NO
254,cohenseglias.com,https://www.cohenseglias.com/news-article/negotiating-ocp-policies/,Negotiating OCP Policies: Know the Benefits and Pitfalls of an Owners and Contractors Protective Liability Policy - Cohen Seglias,26.53,1,7.0,7,,contractor protecție foc,NO
255,denbraven.com,https://www.denbraven.com/ro-ro/produse/segmente/protectie-pasiva-la-foc/,Protectie Pasiva La Foc - Produse | Den Braven,26.53,1,7.0,7,,protecție structurale foc,NO
256,eunitech.ro,https://www.eunitech.ro/alarmare-incendiu/,Instalare Sisteme de Alarmare Incendiu - Certificare ISO,26.53,1,7.0,7,,soluții siguranță incendiu,NO
257,mathaus.ro,https://mathaus.ro/blog/ignifugarea-structurilor-metalice-ghid-complet-Art286,Ignifugarea structurilor metalice: ghid complet | MatHaus,26.07,2,9.5,9,"Sisteme compartimentare antifoc, Protecție structuri metalice","protecție foc grinzi metalice, tavane antifoc rigips",NO
258,misiuneacasa.ro,https://www.misiuneacasa.ro/cum-estimezi-cantitatea-de-vopsea-de-care-ai-nevoie,Cum estimezi cantitatea de vopsea de care ai nevoie - Misiunea Casa,26.07,2,9.5,9,"Izolații și hidroizolații, Protecție structuri metalice","calculator vopsea intumescentă, izolație foc conducte climatizare",NO
259,dedeman.ro,https://www.dedeman.ro/ro/placa-gips-carton-tip-f-protectie-foc-rigips-rf-12-5-x-1200-x-2600-mm/p/5006982,Placa gips carton tip F protectie foc Rigips RF 12.5 x 1200 x 2600 mm | Dedeman,26.07,2,9.5,9,"Izolații și hidroizolații, Sisteme compartimentare antifoc","pereți rigips rezistenți foc, protecție termică tubulaturi",NO
260,spy-shop.ro,https://www.spy-shop.ro/blog/normele-legale-antiincendiu,Blog Spy Shop - Normele legale antiincendiu si sistemele de detectie - spy-shop.ro,26.07,2,8.5,7,Consultanță și conformitate legislativă,"audit siguranță incendiu clădiri, verificare periodică sisteme antifoc",NO
261,bochemit.ro,https://bochemit.ro/produs/solutie-ignifugare-lemn-transparent-5kg/,Solutie Ignifugare Lemn Bochemit Antiflash 5 KG Transparent,26.07,2,7.5,5,,"ignifugare construcții, ignifugare construcții",NO
262,pardoselimagazin.ro,https://www.pardoselimagazin.ro/siguranta-la-incendiu-cu-solutiile-de-etansare-pentru-goluri-deschideri-rosturi-si-strapungeri-pentru-trecerea-instalatiilor/,"Siguranța la incendiu cu soluțiile de etanșare pentru goluri, deschideri, rosturi și străpungeri pentru trecerea instalațiilor – Pardoseli Magazin",24.53,1,9.0,9,Matări și etanșări antifoc,etanșări treceri tehnice foc,NO
263,tuberiasdelsur.com,https://tuberiasdelsur.com/en/product/400-series-intumescent-collar/,Compra Ahora tu Collarín Intumescente Serie400,24.53,1,9.0,9,Matări și etanșări antifoc,coliere intumescente conducte,NO
264,ignirom.ro,https://ignirom.ro/servicii/termoprotectie/,Termoprotectie metal - IGNIROM,24.53,1,9.0,9,Protecție structuri metalice,termoprotecție oțel București,NO
265,rrv.unitbv.ro,https://rrv.unitbv.ro/SIOM/PRC/PRC-T.2.htm,Materiale şi tratamente termice,24.53,1,9.0,9,Protecție structuri metalice,tratament termic structuri metalice,NO
266,arhitectura.info,https://arhitectura.info/acasa/documentatie-tehnica/caiete-de-sarcini/constructii-noi/tamplarii/exterioare/pereti-cortina-aluminiu/,Pereti cortina aluminiu | Arhitectura.info – biblioteca de arhitectura,24.53,1,9.0,9,Sisteme compartimentare antifoc,perete cortină antifoc,NO
267,dakota.eu,https://www.dakota.eu/en/catalogue/building/fire-resistant-inspection-hatch/secutecna-ei90,Usita Vizitare Rigips Tavan Fals Ignifug Secutecna EI120,24.53,1,9.0,9,Sisteme compartimentare antifoc,tavan fals rezistent foc,NO
268,redcon1.ro,https://www.redcon1.ro/materiale-de-constructii/placa-gips-carton-tip-f-protectie-foc-rigips-rf-15-x-1200-x-2600-mm.html,Placa gips carton tip F protectie foc Rigips RF 15 x 1200 x 2600 mm,24.53,1,9.0,9,Sisteme compartimentare antifoc,sisteme rigips protecție foc,NO
269,vandoorsystem.ro,https://vandoorsystem.ro/usi-antifoc-si-antiscanteie/,Uși antifoc și antiscânteie - Vandoors System,24.53,1,9.0,9,Uși și accesorii antifoc,uși antifoc montaj București,NO
270,beta.maluk.ro,https://beta.maluk.ro/shop/usi-antifoc/,Usi Antifoc – Maluk Suceava | Climatizare | Usi Industriale | Seminee | Usi Antifoc | Autimatizari,24.53,1,9.0,9,Uși și accesorii antifoc,uși cortină protecție incendiu,NO
271,mar-ina.ro,https://mar-ina.ro/ro/usi-antifoc/112-usa-antifoc-uniform-certificata-120-minute.html,Ușa antifoc - Uniform - certificată 120 minute,24.53,1,9.0,9,Uși și accesorii antifoc,montaj uși antifoc certificat,NO
272,reviz.ro,https://www.reviz.ro/categorii/mentenanta-usi-tehnice/mentenanta-usi-antifoc.html,Mentenanta usi antifoc | Reviz.ro,24.53,1,9.0,9,Uși și accesorii antifoc,mentenanță uși antifoc,NO
273,icg.center,https://icg.center/en/IZOLATIE-CONDUCTE-191c.html,IZOLATIE CONDUCTE,24.53,1,9.0,9,Izolații și hidroizolații,izolație conducte pluviale,NO
274,siear.ro,https://www.siear.ro/doc/I18.pdf,NORMATIV PRIVIND SECURITATEA LA INCENDIU A CONSTRUCŢIILOR Partea a IV-a,24.53,1,9.0,9,Consultanță și conformitate legislativă,verificare normă incendiu,NO
275,dgaspcbacau.ro,https://www.dgaspcbacau.ro/wp-content/uploads/2022/11/Scenariu-de-securitate.pdf,scenariu de securitate la incendiu,24.53,1,9.0,9,Consultanță și conformitate legislativă,audit siguranță incendiu clădiri,NO
276,sgg.gov.ro,https://sgg.gov.ro/1/wp-content/uploads/2020/01/Pdv_Bp_193_2019_regimul-armelor_II_refacut-2020.pdf,"Domnule preşedinte,",24.53,1,9.0,9,Consultanță și conformitate legislativă,conformitate legi protecție foc,NO
277,colegiu-diriginti-santier.ro,https://colegiu-diriginti-santier.ro/p118-99-normativ-de-siguranta-la-foc-constructiilor/,P118-99 Normativ de siguranţă la foc a construcţiilor - Colegiul Tehnic al Diriginţilor de Şantier,24.53,1,9.0,9,Consultanță și conformitate legislativă,consultanta adaptare normativ foc,NO
278,ignifugare.eu,https://ignifugare.eu/ignifugare,Ignifugare lemnului - Ignifugare.eu,24.53,1,8.0,8,,ignifugare construcții,NO
279,izolatiiantifoc.ro,https://www.izolatiiantifoc.ro/,Izolații Tehnice și Antifoc - Soluții Profesionale de ...,24.53,1,8.0,8,,soluții antifoc industriale,NO
280,celofixings.ro,https://www.celofixings.ro/2082-instalatii-incendiu-rezistent-la-foc,"Fixări rezistente la foc, cu certificat - CELO Fixings",24.53,1,8.0,8,,materiale rezistente foc,NO
281,burnsandwilcox.com,https://www.burnsandwilcox.com/insights/what-is-the-difference-between-owners-contractors-protective-and-cgl-policies/,Intel | What is the difference between Owners & Contractors Protective and CGL policies?,24.53,1,8.0,8,,contractor protecție foc,NO
282,firestopping.ro,https://firestopping.ro/matari-goluri-tehnologice/,Matari Goluri Tehnologice | Fire Stopping Engineering,24.27,3,9.67,9,Matări și etanșări antifoc,"etanșări treceri tehnice foc, goluri tehnice protecție foc, soluții antifoc industriale",YES
283,stabrometal.ro,https://stabrometal.ro/vopsitorie/,Vopsitorie – stabrometal.ro,22.53,1,10.0,10,Protecție structuri metalice,protecție structuri metalice industriale,NO
284,lucrareamea.ro,https://lucrareamea.ro/calculator-vopsea-lavabila-2/,"CALCULATOR VOPSEA LAVABILĂ: De ce cantitate ai nevoie? - LucrareaMea.ro - inspiratie, sfaturi si materiale",22.53,1,10.0,10,Protecție structuri metalice,calculator vopsea intumescentă,NO
285,ro.uoepipe.com,https://ro.uoepipe.com/news/heat-treatment-process-61037811.html,"Procesul de tratare termică - ȘTIRI INDUSTRIE - Știri - Zhengzhou Huitong Pipeline Equipment Co.,Ltd.",22.53,1,10.0,10,Protecție structuri metalice,tratament termic structuri metalice,NO
286,nouatei.ro,https://nouatei.ro/blog/cel-mai-bun-gips-carton/,Cel mai bun gips carton - Noua Tei,22.53,1,10.0,10,Sisteme compartimentare antifoc,tavane antifoc rigips,NO
287,ro.pvgazeta.br.com,https://ro.pvgazeta.br.com/utilizator-125/detectarea-compartimentului-de-incendiu-gradul-de.html,"Detectarea compartimentului de incendiu, gradul de rezistență la foc",22.53,1,10.0,10,Sisteme compartimentare antifoc,compartimentare incendiu clădiri,NO
288,concept-casa.ro,https://concept-casa.ro/constructii/materiale-de-constructii/finisaje-interioare/5-motive-pentru-care-este-recomandat-sa-iti-montezi-tavan-fals-acasa.html,5 Motive pentru care este recomandat să îți montezi tavan fals acasă | Concept Casa,22.53,1,10.0,10,Sisteme compartimentare antifoc,tavan fals rezistent foc,NO
289,tehnoconstruct.ro,https://www.tehnoconstruct.ro/cumpara/placa-rezistenta-la-foc-rigips-rf-12-5mm-2600mmx1200mm-7647248,Placa rezistenta la foc Rigips RF 12.5mm (2600mmx1200mm),22.53,1,10.0,10,Sisteme compartimentare antifoc,sisteme rigips protecție foc,NO
290,termopaneseverin.ro,https://termopaneseverin.ro/pereti-despartitori-rezistenti-la-foc,Pereți despărțitori rezistenți la foc – Termopane Severin,22.53,1,10.0,10,Sisteme compartimentare antifoc,execuție pereți rezistenți foc,NO
291,tehnoisofire.com,https://tehnoisofire.com/usi-antifoc-univer/,Usi antifoc UNIVER - Tif Group – Usi si Porti Metalice Antifoc si Simple,22.53,1,10.0,10,Uși și accesorii antifoc,montaj uși antifoc certificat,NO
292,yohomedoor.com,https://www.yohomedoor.com/ro/care-este-standardul-en-pentru-u%C8%99a-antifoc/,Standardul pentru uși antifoc: Înțelegerea cerinței de certificare EN,22.53,1,10.0,10,Uși și accesorii antifoc,mentenanță uși antifoc,NO
293,econstrukt.ro,https://www.econstrukt.ro/blog/hidroizolare-terasa-exterioara-cum-se-face-corect,Hidroizolare terasă exterioară – Cum se face corect? - Econstrukt,22.53,1,10.0,10,Izolații și hidroizolații,hidroizolații terase bloc,NO
294,psi-protectia-muncii.ro,https://psi-protectia-muncii.ro/,PSI si Protectia Muncii,22.53,1,10.0,10,Consultanță și conformitate legislativă,consultanta protecție foc București,NO
295,blog.equinox.ro,https://blog.equinox.ro/reglementari-pentru-avizul-si-autorizatia-de-securitate-la-incendiu/,Reglementări pentru Avizul și Autorizația de Securitate la Incendiu,22.53,1,10.0,10,Consultanță și conformitate legislativă,audit siguranță incendiu clădiri,NO
296,m.ghidul.ro,https://m.ghidul.ro/proignifug/P10Tusor-de-intretinut,Romfire Protect Solutions - Protectie Pasiva La Foc Bucuresti - Bucuresti - Ghidul Serviciilor Mobile,22.53,1,9.0,9,,protecție la foc București,NO
297,ajusto.ro,https://ajusto.ro/ce-inseamna-ignifugarea-lemnului-si-de-ce-este-importanta/,Ce înseamnă ignifugarea lemnului și de ce este importantă | Blog Ajusto,22.53,1,9.0,9,,ignifugare construcții,NO
298,materialeelectrice.ro,https://www.materialeelectrice.ro/doze-rezistente-la-foc/,Doze electrice rezistente la foc,22.53,1,9.0,9,,materiale rezistente foc,NO
299,roughnotes.com,https://roughnotes.com/rnmagazine/2008/january08/01p084.htm,PF&M at a Glance—Owners and contractors protective liability coverage 01/08,22.53,1,9.0,9,,contractor protecție foc,NO
300,autorizatiifirme.ro,http://www.autorizatiifirme.ro/autorizatia-isu/,Afla daca ai nevoie de autorizatia ISU - AutorizatiiFirme.ro,22.53,1,9.0,9,,servicii certificare ISU,NO
301,matek.ro,https://matek.ro/protectia-la-foc-a-materialelor-de-constructie-un-ghid-esential/,Protectia la Foc a Materialelor de Constructie: Un Ghid Esential - Articole MATEK,22.53,1,9.0,9,,protecție bunuri materiale foc,NO
302,firese.ro,https://firese.ro/servicii/mentenanta-sisteme-de-limitare-si-stingere-a-incendiilor/,Mentenanta Sisteme de Limitare si Stingere a Incendiilor - Firese,22.53,1,9.0,9,,sisteme limitare propagare incendiu,NO
303,argogroup.com,https://www.argogroup.com/construction/wp-content/uploads/sites/23/2023/05/Tale-of-Two-Owners.pdf,Is OCP Enough?,20.53,1,10.0,10,,contractor protecție foc,NO
304,aia-proiect.ro,https://aia-proiect.ro/servicii/autorizatie-pompieri-aviz-isu/,Autorizatie pompieri / Aviz ISU - documentatii de securitate la incendiu IGSU,20.53,1,10.0,10,,servicii certificare ISU,NO
305,hub.mai.gov.ro,https://hub.mai.gov.ro/serviciu/view?id=36,Autorizarea persoanelor care efectuează lucrări în domeniul apărării împotriva incendiilor,20.53,1,10.0,10,,firma autorizată protecție incendiu,NO
306,ronps.ro,https://www.ronps.ro/servicii-pentru-situatii-de-urgenta/proiectare-limitare-si-stingere-incendii,Proiectare sisteme si instalatii de limitare si stingere a incendiilor | RON Protect Solutions,20.53,1,10.0,10,,sisteme limitare propagare incendiu,NO
